month, Revenue Loss
1,	25897.71111
2,	22852.57549
3,	68419.06667
4,	63293.70662
5,	43782.6002
6,	34631.73864
7,	41186.4357
8,	18418.45641
9,	11418.487
10,	173.0666667
11,	232.5
12,	294.5
